Zypher K,,30,43,,15,,,,,,,5,,91
Anomaly350,,,,,,,,,,,,,59,
WanderingWitch,66,,,,,,,,,,,,,
Rapist,,,,,,,14,,,,,,,
nanachan64,75,,32,33,,,,,,,,,81,
J-atch,,,,,,,,,,,,50,,
otya,,,,,,,,,,,,,30,
Holy (JP),,,99,,,,,,,,,,,
row,,,,,49,,,65,,62,,,,
KyConair,,,,,,,,,,,,,49,
ohka56,,,,,,80,,,,,,,,
Deewiant,,,,,,76,,,,,,,,
dim3141,,,,,,18,21,,,,,,,97
Lucky,90,35,22,,,,36,,38,28,,,,
Harkinian,,,,,26,,,,,,,29,,
rapan,,,48,,,,,,,,,,,
Meister Cho,,,,,,,,,,,,,,65
crclum,,,,,,54,,,,,,,,
coffmix,98,,89,,,,,,,,,,,
Kappukeki,,,,,,,,,,,,96,,
manfred4,,,,,,,,,,,,63,,
Cego,,38,,,,,,,,,,,,
blargh!,,,,,,,,,,41,,,,
Meow,,,,,83,,,86,,20,,,,12
mukade_16g,20,,,,,,,,,,,,,
uzura,,86,,,43,,,,,,,,,66
Loodee,,42,,,,,,,,,,,,
Cyrus,,,,,,,55,,,,,,27,
ebisen,49,,,,,,,,,,,,,
MisanthropicCatfish,,,,,92,,,,,23,70,31,44,
josyukita,21,,,,,,,50,,,,,,
spszot,,,,,,,,53,,22,,,,
BOT Frank,,,,,,,,,,,,,87,
Captain Pretzel,,,,54,41,,,,,,44,8,,
tofuya azusa,,,,,,,,88,,,,,,
Doopliss,,,,63,,85,,,,,34,,,
Tooveli,,80,,,,,,,,,,,,
gurkenglas,,,,,,,,,,,,95,,
akitosp,36,,,,,63,78,,,,,,,
werum,,,93,,,78,,,,,,,,
"Shrek, the almight Orc kinG",,,,,,,,,90,,,,,
Rhys Flynn,,,,,,,,,,,,,60,
lmcasl_,,,,,,,,,,,,,48,
antti.natynki,,,,,,,,,,,,85,,
TREESTUMMMP,,73,,,,,,,,,,,,
Winged Shade,,,,,,,,89,,,,,,
daydreambeliever0506,,,,,,,,1,,,,,,
Zykekilla1,,81,,,,,,,,,,,,
Dabusa,,100,,,,,,,,,,,,
Bananasaurus Rex,78,65,,,,,,,,,15,,,
Geregsyn,,,,,,,,,,,,,,85
Chro,,,,,,,,,,,,,18,
NICE!,,,57,,,,,,,,,,,
piteika,,,,,,,56,,,,,,,
wahu92,,,,,,,79,,,,,,,
nem,,,,,,,,,,,,,93,
nano,95,,,,,82,25,,,,,,,
not in love,,,,,,,,43,,,63,,,
Skywind,,78,47,,,,,,,,,,,
ChristopherJHall97,,,,,,,,,,,58,,,
ryo1036,,,,,,92,,,,,,,,
djc6986,26,2,2,2,1,6,8,,20,11,18,9,98,
bondra85,,,,,,,,,,47,89,,,
Abomination Jones,,,,,,,,,,,,,74,
vali,,,,,,,,,73,,,,,
Kimura,,,,,,,,96,,,,,,
shireso!,,,,,90,,,,,,,79,,
den,70,,,,,,,,,,,,,
AviiHyrax,,,,,,,,,,46,33,,,35
MokouMoe,,,,,,,,75,,,,,,
Nakash01,,,,,,,,,,,,,,90
Mintree,8,49,4,,,21,1,,,,,,,
Yuki,,,,,,,,,,,,80,,
palarran.taurina,,57,,,,,,,,,,,,
Noobii,,98,,,,,,,,,,,,
S.N.O. | LuckyDesu,,,,,,,,74,,,,,,
Brodo Swaggins,,,,,,,,,,,,,,96
spaceCold,,,,,,,,,,,,,,26
DeliciousWhiteBread,,,,,,,,,,,,,67,
cpumaster930,,,,,,,,,,,,,,51
DJ Wafflesnatcha McOwnage,,,80,,,,,,60,,,,,
Pikachu on LSD,,,,,,,,26,,91,,,35,16
CWP24,,,,,,,,,,,100,,,
池田,80,,,,,,,,,,,,,
Rednalyx,,,,,,,,,,81,,,,
myon360,,,,,,35,,,,,,,,
tororo,,,,,,,,,,69,,,,
Giraffactory,,,,,,,,,86,,,,,
nereris_wor,,,,,,,70,,,,,,,
Cypher The First,,,,,100,,,,,,,,,
funcynight,64,55,,,,,44,27,30,,,,,98
weevil,,,,,,,,,54,,,,,
Fluorineer,,71,,,,,,,9,,,,,
PepChamp,,,71,48,,46,64,12,,,,,,22
Jimdrizzle,,26,,,,34,45,78,58,,,,,
Kiryusha,,,,,,,,,70,,,,,
Tonkotsu,10,21,17,18,17,15,15,42,28,,74,43,,4
Draw,92,,,,,,,,,,,57,,
kazenoichizoku,,,,,,,63,,,,,,66,
Nandahxp,,,,,,,,,,,,,86,
TheLogcat,,,,,,,,,,,,,45,
wigl92,96,5,,,,,,,,,,,,
Sudorus,,,,,,,,,,,25,,,
Lenn,,,84,,,,,,,,,,,
Nwahsaviki,,,,,,,,,,,,86,,
asunaro66,,,,,,,,59,,,,,,
vinysauer,,,,,,,,,,,,,89,
cran,25,62,24,43,,14,75,,,,93,48,34,
Crisispoop,,,,,,,,,,,,47,,
seanpr,,,,,,,,,91,,,,,
Banik,,,,,,,,,35,,,,,
Guitarmatt21,,,,,,,89,,,,,,,
yakou913,85,,53,,,,,,,,,,,
theroomcheese,,,,,,,,,,,,,,69
Crowley,,,,,,41,,,,,,,,
thatGuy,,,,,,,,,,92,,,,
kometubu3714,,,,,,,93,,,,,,,
Swarim,,,,,,,,,,,,,99,
sickscot,,,75,,28,,67,34,,,,,,
InC,,,,,93,,,,,,,55,,
incohatus.none,,,44,45,73,,,,,,88,,,
kuromarudesu,,,,,,81,,,,,,,,
Suicidal,,,,,,,,,23,,,,,
xAbsolut_Zero,,,,,,,,,87,,,,,
science,,56,81,57,74,,99,,,,94,78,,
Meru,,,,,,,,,,,,19,,
MEMEME670,,,,,,,,,,59,,,,
nonogram,37,58,30,26,,25,17,,15,,,,12,14
Castigate,,,,,,,,45,,,,,,
Starcrusher,,,,,,,,,49,,,88,,
someunicodename,,,,,,,,,,100,,,,
GodoBola,,,76,41,,,,,,,49,,,83
kenny,,,,,21,,,,,,,10,,
Solidus Soap,59,34,,,,,,,18,,,,,
oliver.sibley,,,97,,,,,,,,,,,
otogin,6,,,,,,,,,,,,,
Emperor Napoleon Bonerfarts,,,,,,,,,19,,,82,,
cyuyu,,,,,84,,,,,,,97,,
Phunkenstein,,,,,,,,,,,,,,3
akihito_kanda,,,,,58,,,,,,,92,,
codygross8,,,,,,,,,,,,,82,
o01031ab3a1bloodtype,,,,,,,,,,90,,,,
Twonicode,,,,,,,,,,76,,,,59
Dhude * playin.xyz,,,,,,,,,,,,,55,
IlseW,,88,,,29,,,,,,,83,,
Vesipera,,,,,,,,,,68,,,,
Deremmah,,28,,,,,,,40,,,,,
TeflonPirate,,72,,,,,,,,,,,,
Maeglin (Y2FC),,,,,,,,,,,,,,32
Garash,,,,,,67,,,,,,,,
Hyde,,,,,,,,,,,,,77,
Kay,,,,,,,,,,,,,,43
Man Ray,,,,,,95,,,,,,,,
Meckanizm,,,,,,,,97,,,,,,
Tann,,,79,67,,,,,,,,,,
MWadman,,,,,,,,,83,,,,,
UnicodeName,,,,,,39,84,,,,,,,
Kvaaketi,,,,,,,97,,,,,,,
Klapaucius,,,,,87,,,,,85,,,,
minagawatk,,,,,94,89,,,,,,49,,
AZilla2498,,,,,,,,,,,,,,99
foxtail,46,77,,31,,,42,23,63,36,59,,,18
Cosmicabuse,,97,,61,,,,,6,,7,,,
secretsea9,,,,,,,65,,,,,,,
Krauvando,,,77,,,,,,,,,,,
VArtem,43,45,13,,,1,20,68,22,7,,,6,10
PAUL,,,,,,,,,,,,,,63
NeuroCat,,,,,,,,,,,,,43,
Gran Cappellaio,,,,,,,,,,,,,72,
yossi-ku-tann,,,64,,,,,,,,,,,
rakuchii,,,,,54,,,,,,,,,
Dem0nkaze,,,,,,,,,82,,,,,
jimy_dark,,70,,,,,,,,,,,,
xqz,,,61,,,,,,,,,,,
asanuma_tskc_k,,,,,,,,,,,95,,,62
PIPUPE,,,,,,,,,,87,,,,
Aquwa,,,,,,,38,,,,,,,
lse,58,,,,,,,,,,,,,
tami1414p,,,,,,,,,,,,,,36
m3tq1cqn0n,,,78,,,,,,,,,,,
Smallin,,,60,,,,,,,,,,,
Chancrow,,,,,,,91,,,,,,,
cutie khan (faggot),,,,,,100,,,,,,,,
=TAC= Gizmo2k,,,,,,,,,,,,,97,
amamori,,,39,,,,,,,,,,,
slaix223,100,,,68,,27,,92,,,36,,,
MWK]aendi,,79,,,,,,,,,,,,
Smokepipe,14,53,41,55,72,90,94,36,,,52,,,
NQR,,,,,,,,,,,,,90,
terazo,30,,,,,,,,,,,,,
bvillage,,,,,,,,,,,,,,82
[GitP] Thelogman,,,96,,,,,,,,,,,
isuke.yougen,,,,,,,59,,,,,,,
Kurgen,,,,,,,,,,,,61,,
rkinasz,,,,,,,,,,,,,38,
chelim,,,,,,,,,,56,,,,
Timovar,,,,,,,,,,,,,,57
mokomokoi,,,54,,,,,,,97,,,,
jyaji,,,,,,,,,,,,70,,
Woo.Hoo,,,,,,,,71,,,,,,
Power Up Audio,89,3,,35,,,,,,,97,,,
mochimou3,,,,,80,,,,,79,,,,
Please,,,,,91,,,,,,,,,
-PP-TheRapist,,,,,,,,91,,,,,,
Bexy,,,,,,,,,,,,84,,
DracoOmega,57,74,15,3,,38,22,18,,6,6,,,
Half Pixel,,,,,,,,,,,,53,,
Vash Varket,,,,,,,66,,,,,,,
sneep100,,40,,,,,,48,80,,,,,
hqm.android,,,,,,,,,,,,,76,
Reki,,,,,,,,,,,,,95,
cassieper,,,,,,,,,,,83,,,
Dwight,,,,25,13,,,,,,,,,
shackes,38,90,5,8,38,50,13,13,,,10,,,
FireChipmunks,,,,,,,,32,,66,,,,
name,91,,27,34,67,,,,,93,38,42,,
tommy.n.unluckynumberlover.1989,,,,,,,,,,,,,,61
EfficaciousSquid,,,,,,,,87,,,,,,
Helena Cell,,,,,,,,,,,,,42,
bashozuma,24,84,38,59,45,58,50,,,,45,99,,
Liaf,,,,,77,,,,,,,41,,
Wurok,,,,,,60,47,,,,,,19,
Snake Hands,,,,,14,,,,,,,25,,
hadajun,63,,,,,,,,,,,,,
sugary,,,,,,61,,,,,,,,
AoD,,,,,,,,,,43,,,,
Mulle,,,,,,,,,,75,,,,
Marujirou,,,92,,,,,,,,,,,
{N0Ub0T} Luxcifer,,,,,62,,,,,,,100,,
djallsup,,,,,,,,,,71,,,,
[LMG] JGrommz,,,,,,,,98,,,,,,
Obob,,,,,,,,,94,,,,,
niconicokamihate999,,54,,,,,,,57,,,,,
Haughington,,36,,62,,,,,3,,19,,,
Burnt Bowser,,,56,47,,,,,,,,,,
EPICZEUS,,,,,,,,,,,,,92,
muukun,,,,,,,,28,,,,,,
rawrs,,,,,,,,,,,,,,31
morizon,,,,72,,,,,,49,67,,,
nick6980,,,,58,63,,,,,16,14,76,20,15
Shunk Nabooro.,,,,,,,,,,,,,73,
p132,,,,,,,,,79,,,,,
spyearmci.0d.w,,,,,,,85,,,,,,,
icedice,,,,,,,,,,,,,,73
Frostwriter111,,63,35,,,68,,,88,96,,,,
GavinTrujillo,,69,,,,,,,,,,39,,
cflikethepsp,,,37,,,,,,,,,,,
[Team named player] Team Player,,,,,,65,,,,,,,,
tubistsumi,,,,,,,,,,98,,,,
inu2789,,,,,,,,,92,,,,,
Mendayen,7,44,,,,,,9,4,,,,,
nedE01,,,,,,,,,,,,,32,
Tatari Lives,,,,,,,,,,,,,54,
hironari,,,,,,,,,,,,,,29
The Loser Who Eats Vegetables,,,83,,34,,,,,53,,54,,
Werbad,,,,,,,,,,,,,,54
Jessepinwheel,,,,,,,,,,58,,,,
I'm fucking insane,,92,,,,,,,,,,,,
lurker 42193,,,,75,33,,,,,,62,,,
Kyt,,,,,,,,,,,,,,79
HalfNHalf,,,,,66,,,,,,,18,,
watagashi,,,,,,,,,,,91,,,
Zigimurthury,,,,,,,,,,,,,61,
brickey.8,,,,,,,,,,,,,,68
TZLV|Isotoxin,,,,,,,,,59,,,,,45
Gunner,71,16,26,38,35,44,35,,42,,64,,,
iDebo,,,,51,51,28,,,,,61,90,39,
BlackFire,,,,,,,,,,,,,56,
Sirius,,,,,,,,41,,,,,,
"SO MUCH TO DO, SO MUCH TO SEE",,,,,,,,,96,,,,,
Hylianbunny,,,,,55,,,,,,,,,
ratata,3,47,31,27,19,23,27,73,7,45,82,65,24,
Pikmar,,,,,,,80,,,,,,,
Aliquot,,48,,64,85,,,,,,,,,
hmnkrs.envy,,,,,,,95,,,,,,,78
Sunny,,,,,,,,,,72,,,,
Toasty,,,,,,,,51,,,,,,
Re:stew,,,,,,,76,,,65,,,,46
TrinityCometMaelstrom,,,,,,,,57,,,,,,
simon jester,,,,,,,,,16,,,,,
TheBoss10987,,,,,,,,,,24,,,,
Brother Skaldir,,,,73,,,,,,77,50,,,39
Lowride McClyde,,,87,,,,,81,,,,,,
sando-S,,,,,,94,,,,,,,,
RushSecond,,,,,,,,,,,87,,,
janiren,,,,,97,,,,,,,51,,
shiotake800,,,,,,,,,,89,,,,
deadNightTiger,,,,49,48,,30,,,,55,,,
Xphere Omega,,,,,,,,,,40,,,,
Tasslehoff_B,,,,,86,,,,,95,,,,
aquacat,41,,33,53,20,,52,,,,66,37,,
TitanKr0nos,,,,,,,,,72,,,,,
Blood_Drath,,,,,,,,,,,,,,71
goldjet32,,,,,,,,47,,,30,,,
Chuggo The Clown,,,,,79,,,,,,,20,,
ktx,,,,,,,28,,,,,,,
mercuryeclipse54,,,,,,,,,,32,,,,
polariot,,,,,96,,,,,,,,,92
T Dawg,19,,,,,,,,,,,,,
piqous,,,,,,,,,81,,,,,
aima,,,,,,,,100,,,,,,
Cap'n Roddy Brookes,,,,,,,,,50,,,,,
boston,,,58,,,,,,,,,,,
DeamonHunter,,94,36,20,,,32,52,,,46,,,
Dick Hammer,,93,,,,,,,,,,,,
hunter199129,,,,,,74,,,,,,,,
Flandre Scarlet,,,,,65,,,,,,,94,,
baerbel,,,40,,,,,,99,,,,,
[ESAD]Comrade Nugget,48,50,29,46,4,20,12,11,62,25,28,4,41,20
Brace Yourself Games,,9,,,,,87,,,,,,,
DragonChameleon,,,,,,,,,,33,,,,
Nitrate,,,,60,,,,,,,37,,,
lysee,,,,,,,,,,,,,,67
Rozex,,,,,,,,,,,24,,,
Myroc,,,,,,,,,,,,,,49
buueb,,,,,,,,,,,,,,89
Birthday Skeleton,,,,,,,,,33,,,,,
shellingford224888,,,,,,,,,,78,,,,
Filthy Wish Dragon,,,,,,,,,,,,56,,
a4p31030,60,,,,,,,,,,,,,
okochanochachacha,93,,,,,,,,,,,,,
kakefumi,,,,,47,,,,,54,,32,,
Galeus,,,,,,73,,,,,,,,
bak.140,,,,,,,,,,,,,51,
Punkratio,,,,,,,,,,,,,28,
troysch1,,,,,61,,,,,,,,,
Hyphen-ated,,,,,,,83,,,,,,,
Vipul,,,,,,,41,,,74,,,,28
Mooglegirl,,,,,,,,,,,,,88,
questionableigh,,,,,,,,95,,,,,,
BETA,,,72,,,,,,,,,,,
imdblg,,,,,,,69,,,,,,,
VIGIL,,,,,89,,,,,,,73,,
Eldan,,,,,,,,,37,,,,,
zqxinran,35,87,9,15,,24,37,35,46,10,1,,,
nnsn,,,,,,,,,,,,,,74
BOTbadook,,,,,,,,,,,,71,,
Chromosis,,,,,,,,,,67,,,,
jaqen h'ghar,,,,,,,71,,47,,,,,48
allsaka,,,,37,,49,,,,,65,,,
rtj,,,,,,,,,,,47,,,
invoceusse,,,,,52,,,,,,,24,,
ky.tamainn,,,,,,,,22,,37,,,,
Hamsterygood,,,,,,,,,,,,,,77
shon,,,,,,,,5,,,,,,
Taiyo,,,,,,,100,82,,,71,,,40
candyShark,,,,,31,,,,,,,16,,34
nao-komi1201,47,,,,,,,24,,63,,,,
Totakeke,,,,,,,,,,,,72,,
.:MFC:. KrazyKraut,,,,,,,,,,,,,71,
StopDropAndBear,,,49,,,,,,,,,,,
Infinity Flat,,,,,40,,,,,,,66,,
Vandalgyon,,,,,,,,,,,,,85,
Senor Tenebroso,,,,,,36,,,,,,,,
kotashiman,,,,,42,,,,,82,,38,,
Frosty,,,,,,,,,24,,,,,
Arkthalohs,,,,,,,,,,,,,62,
MrMario9608,,,,,,,,,,,,,47,
Immortalmoo,,,,,,,,,71,,,,,
Nintendork64,,64,,28,18,37,51,,,29,16,21,,
gimmickarm,99,,,,,,,,,,,,,
C|WRATH OF HIPPOCRATES,,,,,,,,10,,,,,,
MikeHawkIsLarge,,,,,,,,,,73,,,,
Ichabob,,,45,,,,,,,,,,,
ryota.iwanaga,,,69,,,,,,,,,,,
Starfire,,7,,,,,,,,,,,,
Snake Cult,,,,,50,,,,,,,,,
Andrezra,,,,,,,,,,,86,,,
Commander Saxon,,,,,82,88,,21,55,,,64,,
gooseflesh,,,,,,,,,,,,46,,
Purifier,,,,,78,,,,,,,35,,
BG/,,,,,,,,99,65,,,,,
Umberto,,,100,,,,,,,,,,,
Bloodshot,44,,,42,,,,,,,26,,,
ThemsAllTook,,,,,70,,,,,,40,58,,
ikirbyroos 10|HC,,,,,,69,,,,,,,,
Donahdo,,,,,,,,,,,,,91,
The Marlboro Man (music),,,,,,,,,,,,,,37
XSinnerxUndeadX,,,,,,97,,,,,,,,
JiggaJoules,,,,,,84,,,,,,,,
Epic Experiment,,,,,,86,,,,,,,,
Murugo,,,,,11,,,,,57,,13,,
ProximityAlert,,,,,,,,60,,,,,,
souryoku3158,,,52,,,,,,,,,,,
ekaye,,,,,,,,58,67,,,,,
ishr,,,,,75,,,,,,,,,
Aureliusz,,,,,,,,,,,,,,55
Doomgooey [Uni Hiatus],,,,,,,,,34,,,,,
MasserSecunda,,,,,,,,76,,,,,,
Sushi,,,,,,,,,,,,,,52
TheCoolT,83,,,,,,,,,,,,,
fresow,,,,,,,,,,70,,,,
amy_i_19,,,88,,,,,,,,,,,
Staekk,17,25,14,19,,40,10,31,,,,,1,6
Astronantua,,,,,,,31,,,,,,,
petsgomoo,79,1,,,,22,,,43,,,,,
kimjoy2002,,,66,,,,,,,,,,,
anarki,,,,36,,,,,,,48,,,
madhoe,,,,,,,,66,,,,,,
akashirokuro,2,8,,21,30,32,,6,11,,79,,,
Automaton,,,,,,,,,,,,,36,
XBlos,,,,,,,,54,,,,,,
qoala _,,,,,,,,,,,92,,,72
Arkus,,,,,,,,56,31,,,,,
1640,,,73,,,,,,,,,,,
StewTrickery,,,,,,,,,,,,,,64
Spider,,,,,,,,,,,,,50,
Nahdouken,,,,,,,,38,,,,,,
Kana,,,,,64,,,,,,,68,,
IHeartBobs,,,,,,,,,,,,44,,
Cassio,,,,,,,,,,,,,,95
CaptainCommunist,,,,,,,,,,,23,,,
Zombietaco,,,,,,,,,26,,,,,
Monty,,,,,,,,,,,,74,,
poz,,,,,,,57,,,,,,,
fiskslafs,,,,,,,,,,,,28,,
LilyB,,,,82,,,,,,,11,,,
mayonenn,,,,71,,,,,,,39,,,
[:3] Player,,,,,,,,,,12,,,,
GG Crambo,,,,,56,,,,,,,26,,
te64_96,18,,,,,,,,,,,,,
batman9502,,,,80,,,,25,56,,8,,,
mitei,,,,,68,,,,,,,,,
Top Tier Bidoof,,,,,,,,,,,,91,,
hisuk,13,,,,,,60,,,,,,,
Lime Wizard,,,,,,,,,,,,,46,
Spootaloo,,60,,,44,93,40,,,,,,,
Shirsh,,,,,,,,,,,,,57,
edwarick,,,,,,,,,89,,,,,
Ruuu,,,,,,,,90,,,,,,
Chris7,,,,,,,,,,,,,79,
Ledd Mango,,,46,,,,,,,,,,,
zoekyun,,,,,,,68,,,,,,,
Gazz,40,18,20,12,7,33,24,37,36,21,77,6,10,
irr.alliance,,,,77,,,,16,,51,32,,,
Flou,,96,,,,,,,,,,,,
OKAGE,56,,59,,76,,48,62,,,99,,,
Gacie,,,65,39,,,90,,,,,,,
Flieg und Sieg!,,,,,,72,,,,,,,,
tono_siki,73,,91,30,88,,,,,,80,67,,
enari1331,,,86,,,,,,,,,,,
wilarseny,39,24,18,22,22,10,19,14,2,8,4,23,14,23
Jack of Games,1,4,7,1,3,2,3,7,32,42,,36,5,7
theshim,,,,,,,,84,,,,,,
tpope,,,,,,,,,,,,,,21
froggy,,,,,,48,,,,,,,,100
{OTD}q.,69,6,,29,,,,,,,69,87,,
HecticXXX9001,,59,,,,,,,,,,,,
Siza,,,,,,,,,,,,98,,
Triglycerides,,,95,,,,,,,,,,,
Twixter1996,,,,,25,,,,,,,,,
MrChimpanzeeThat,,82,,,,,,,,,13,,,
Ivyory,72,,,,,,,,,,,,,
ABoss,,,,,,,,,68,,,,,
ykiki2778,,,,,,,,33,,,,,,
dao3,52,52,,,,,,,,,,,,
Becky,,,,,,,,,,,,,,88
Squega,29,61,,,,19,6,,,,,,,
Cranberry Juice,,,,,,,,,10,,,,,24
ShenanAgain,,,,,98,,,,,,,59,,
AuraPuffs,,,,,,,,,,64,,,,
Malleth,,,,76,,,,,,,41,,,
Knight Lycaon,15,23,1,23,36,3,2,2,1,1,9,27,4,1
ROFLwolf,,,,,,,,,,,,33,,
Rotcha,,,,78,,,,,,,57,,,70
Bear Krills,27,10,12,6,8,11,9,19,8,9,12,15,7,8
Lumpy Lumps,,,,,,,,69,,,,,,
Fubz,28,43,,,,45,,29,21,99,,,,
McSmed,,,,,,,,,,,,,63,
hira70,,,,,,,,,,,,,,47
Ognos,23,13,,,,,26,39,,,,,,
Faust,,,,,,,,,,,,,94,
Nillis,,,,,,,,,,,,,69,
omisosiru001,,,,,,,,70,,13,29,,,
nekohako,33,20,,9,,,77,,,,81,,,
ochibi_chan,,,,,,,,77,,,,,,
diabetes,,,,,,,,,95,,,,,
mrk_tsk,,,,,,,,,,,,62,,
Pythonite,,,,,,,,94,,,,,,
hage,65,,,,,30,,,,,,,,
arachness,,95,74,,,,,,77,,,,,
tour_camembert,,,,,,,82,,,,,,,
Triffids,,,,,,,,,,,,93,,
grafzeppelin.1114,,,,,,,,,,,,,21,58
pancelor,11,17,8,16,16,31,43,20,12,38,21,30,,60
Nazenn,,,,,,,,,,,,,,75
nanoka_X,32,,,,,,,,,,,,,
Kapol,,,,,,,,,,,,,75,
azinzya,,,,,,,,,,,,,,94
DavCloudWeed,42,14,23,,,,,49,53,,53,75,,
uw.tkez,,,,,,,,,,,,,52,
CanadianBac0nz,77,68,,50,,,29,,,,,,,
Elad Difficult,16,22,10,14,6,9,4,40,25,17,20,14,13,17
LukeR,,,,,,,33,,,,,,,50
ginrou0208,,99,,,,,,,,,,,,
[ZerG]reenOne,,,,,,,96,,,,,,,
N1cksken,,,,,,,,80,,,,,,
akskmmeshk107,51,,,,,,,,,,,,,
Neros,,32,,,,47,,67,,,,,29,
Theodrassil,,,,,,,,,39,,,60,,
Punny,,,51,,,,,,,,,,,
Kupochama,,,,,,,,44,,18,,,16,41
John11,,,,,,,,,100,,,,,81
usagi,31,,,,,,,,78,,,,,
Sagev3,76,,,,,,,,,,,,,
FlavourSeb,,,,,,75,,,,,,,,
Draleric,68,15,25,,,,,,,,,,,
Pleeb,,,,,95,,,,,,,17,,
marxmarx1,,85,,,,,,,,,,,,
eslagrassa,97,,,,,,,,,,,,,
KILL BOT 235,,,,52,57,66,,,,,84,,,56
nolanora107,,,,,59,,,,,,,22,,
Camo,,37,,,,,,,,,,,,
sunnyjum,,,,,,,,,84,,,,,
meltysjod,,,,,,83,,,,,,52,,
Lancer,,,55,66,24,,,,,,42,45,,
Mango_Slamdunk,,,,,,,81,,,,,,,
Trips,,,,,,,,,,19,,,,
nagaimo,,,82,,,,,,,,,,,
reffi1.02,,,,,,,,46,,,,,,
Chrysi,,,,,46,,,,,,96,89,,
jameswu0816,,,,,,,,,,,,,84,
Luphoseer,,,,,,,,,,,,,31,
darB,,,,,,,,,,,,,68,
Draf73r,,,,,,,,,66,,,,,
saturn1979p11,,76,,,,29,53,,,,,,,44
smockist,,,,,,,,,,,,,78,
Sigsig,,,,,,,,,,,,81,,
haid,55,,42,,,56,,,,,,,,
inu_manma,,,,,,,54,,,,,,,
FLASH,,,,,,,,,,,,,96,
go_with_mercy,,,,,,57,,,,,,,,
Mark,,,34,,,77,,,,83,,,,
Rett,,,68,,,,,,,,,,,
WwwwwIKAwwwww,,,,,,,,,,48,,,,
Zepto,9,27,3,10,12,13,11,17,,,17,,3,5
Kibble The Small,,,,,,,,,,86,,,,
Mike,,,,,,,,,,,,,33,
ToniShinobi,,,,,,,,,,,,,,76
NN158831,,,,,,99,,,,,,,,
amagarasucawcaw,53,,16,11,,8,7,,,,27,,8,11
Cubi,,46,,,,,,,,,,,,
ume,,,,,,,,93,,,,,,
Moosical,,,94,,23,,,,,,,,,
ruffles,,,,,,,,,76,,,,,
Return Postage,,,,,,,,,48,,,,,27
pheonix1123,,,,,,64,,,,,,,,
Slackaholicus,4,33,21,40,,7,,83,,,54,,,
KRISPY,22,31,,,,,86,,,,,,,
mickaelsan,,,,,,,,,,94,,,,
TOTOA,,,,,,,,,69,,,,,
nyancotu,,,,,,52,62,,,,,,,
tonbo,87,,,,,,34,,,,,,,
zzz,,29,90,,37,,72,64,52,,,69,,
Nameseeker,,,,,,,,,,31,,,,
Artifice,,,,,,,,,,30,,,,
Jewel,,,,,,,,,,,,,83,
Luveluen,,,,,,91,,,,,,,,
Zaiyu,,,,,60,55,46,30,51,14,,40,11,42
hagureG,84,,,,,,,,,,,,,
mwclaws,,,,70,81,,,,,,85,11,15,19
Zilch,,,,,,,,,,35,,,,
Libido Culminator,,66,,,,,,,,,,,,
JEFFREY THE SKELETON,,,67,,,53,,,,,,,,
shiratamamochi,61,,,24,,43,88,,,,90,,,
UnicodeErrorYay,,,,,,,,,,,,,53,
Zieg The Medic,,,,,,,,,,,,,100,
eXistenZ1al,,,70,,,,,,,,68,,,80
Liften,,,,,,,,,,,,,80,
batabata.echan,34,51,,,,,,,,,,,,
blood.moon[JP],,,,,,,92,,,,,,,
n73a3z,,,,,,,,72,,,,,,
Zero,,,,,,,,,93,,,,,
Shilag,,,63,,,,,,85,,,,,
BumbleJ,,,,,,,,,,,,,65,
MachiPreT,,,,,9,,,,,,,2,,
Rat3485,12,11,11,4,5,12,5,3,5,2,3,3,2,9
BreedPineapple,62,,28,32,71,5,18,,,3,72,,26,30
lancemarx,,89,,,,,,,,,,,,
blargin10,,,,65,,,,,,,35,,,
PewGeminiLive,,,,,,,,,,,,12,,
Ashamita,,,,,,,,,75,,,,,
Doodles,,,,,,42,,,,,,,,
kazuki.izg,82,67,,,,,,,,,,,,
Garlyle Wilds,,,,,,,,,,55,,,,
..,,,85,44,,,,,,,56,,,
KEIZONE_,,,,,,,,61,,,,,,
tama,,,62,,,,,,27,84,,,,
hickspoore,,41,,,,59,,,,,,,,
RayOfRaikou,,,,,,,,,,,,,58,
Magical Girl MeruMeru,,,,,,,,,,50,,,70,
7.roki.iah.tiawish.27,,,,,,,,,,,76,,,
an no joe,,,,,,,,,,,75,,,
nedned2k,,,,,,,,,97,,,,,
Pucas. Ticas?,,,,,99,,,,,88,,,,
monmon,,,,74,,87,,,,,31,,,
wai_yakkun,,,,,,70,,,,,,,,
Udon,,,,,,,98,,,,,,,
ryo_maia,,,,,,,39,,,,,,,
xi04535010,,,,79,,,,,,60,60,,,
fileo,67,,,,,,,,,,,,,
Amyler,,,,,,,,,,52,,,,
InyBisInsulate,,,,,,,,,,,,,64,
ta_5121,,,,,,71,,,,,,,,
airasaly,,,,,,79,,,,,,,,
shudy.fbjanitor,74,,,,,,,,,,,,,
ProblemsIRL,45,12,,5,39,16,49,4,13,5,2,1,23,2
Snigwhite,,,,,,,,,,34,,,,87
marshkip,,,,56,32,,,79,,,98,77,,
mameppo,5,19,6,7,2,4,16,8,17,4,5,7,9,13
Jessie,,,,,,,,,,61,,,,86
Lowenly,,,,,,,,,98,,73,,,
Josh,,,,,,,,,,,78,,,33
zhoney666,88,,,,,,,,,,,,,
Fe-snowman,,,,,,,61,,,,,,,
BoxBot,,,,,,,,,41,,,,,
Wih,,,,,,,,,,39,,,,
MistahWabbith,,75,,,,,,,,,,,,
derpyDilettante,,,,,,96,,,,,,,,
eiriasvalar,,,,,,,,,,,,,,84
Nivek,,,50,69,,98,,,29,,43,,,
cl2qp,,,,,,,,,45,,,,,
Blackroast,,,98,,,,,,61,,,,,
gacchi2013,,,,,,,73,,,,,,,
ShortShorts,,,,81,,,,,,,22,,,
bmz_loop,,,,,,62,74,,,,,,,
MoarUnicode,,,,,,51,,,,,,,,
464,54,,,,,,,,,,,,,
neqlol,86,,,,,,,,,,,,,
renine,,,,,,,,,,,,,,53
DemoJameson,94,91,,17,,17,,15,64,,,,17,
duneaught,50,39,19,13,27,26,23,55,14,15,51,34,22,25
AD,,,,,,,,,,,,,37,
Xenomorphobia,,,,,,,,,44,,,,,
Shooper,,,,,,,,,,,,,25,38
AchROM,,,,,69,,,63,,,,,,
Clammatus,,,,,,,,,,26,,,,
PolarStar,,,,,,,,,,,,,,93
kakerukurokaze,,,,,,,,,,80,,,,
PuddiPuddi,,,,,,,,,,,,,40,
wave_bird,81,,,,,,,,,,,,,
Angani,,,,,53,,,,,44,,,,
SirDenn Senpai,,,,,,,,,74,,,,,
Hakase,,83,,,10,,,,,,,,,
ginriki,,,,,,,58,,,,,,,
hello,,,,,,,,85,,,,,,
